c_personid,Rank,Lindex,friend,enemy,c_index_year,c_birthyear,c_deathyear,c_death_age,c_fl_earliest_year,c_fl_latest_year,fl_age,choronym,Lu,entrytype,Longitude,Latitude,c_status_code
9,8.5,1142,0,0,1142,0,0,0,0,0,0,0,0,0,0,0,68
12,6,1140,94.88185868,0,1140,0,0,0,1126,0,0,45,12907,118,116.351341,27.984781,40
20,3,1145,0,0,1145,1079,0,0,0,0,0,0,12669,36,120.733788,31.646582,114
63,1.5,1145,96.76559787,0,1145,0,0,0,0,0,0,0,12753,36,121.542656,29.866316,68
66,6,1142,0,147.1216951,1142,0,0,0,0,0,0,0,12587,36,115.47425,30.30481,68
73,6.5,1143,0,0,1143,0,0,0,0,0,0,0,0,0,0,0,68
75,8,1147,0,0,1147,0,0,0,0,0,0,0,0,0,0,0,68
84,6,1142,0,0,1142,0,0,0,0,0,0,0,13867,36,119.011101,25.433954,68
89,4.5,1149,98.03044147,142.3999445,1149,1090,1155,66,0,0,0,0,12753,50,121.152763,30.049067,68
101,4,1143,89.71274867,0,1143,0,0,59,0,0,0,45,13015,118,112.597038,26.901617,68
107,6,1140,0,0,1140,0,0,0,0,0,0,0,0,0,0,0,68
117,2,1148,92.74425007,0,1148,1089,1157,69,0,0,0,83,12824,36,117.236359,29.382742,68
128,1,1146,58.18817259,168.7472977,1146,1087,1152,66,0,0,0,83,12824,50,117.236359,29.382742,68
148,5.5,1141,0,0,1141,0,0,0,0,0,0,24,11027,0,114.34333,34.785477,68
149,3.5,1145,33.11025194,0,1145,1086,1153,68,0,0,0,0,12824,36,119.486,31.430706,68
160,1,1146,95.68095463,45.91135457,1146,0,1146,0,0,0,0,0,12824,165,118.76899,32.052563,68
166,7.5,1143,0,46.38335516,1143,0,0,0,0,0,0,0,13867,36,118.026779,27.756025,68
167,5.5,1140,51.87942994,0,1140,1093,1140,48,0,0,0,0,12669,36,118.738399,29.480773,68
168,1,1148,97.51286362,0,1148,0,1148,0,0,0,0,0,12669,36,118.738399,29.480773,68
184,6.5,1145,100.1331177,0,1145,0,0,0,0,0,0,0,13867,36,119.2296143,26.09373856,68
201,3.5,1147,93.93503944,0,1147,1090,1147,58,0,0,0,0,13867,36,117.781792,26.39761,68
220,5.5,1143,91.74986896,0,1143,0,0,0,0,0,0,0,12907,50,116.351341,27.984781,192
252,2,1142,94.37910922,42.81956373,1142,1083,1166,84,0,0,0,6,12669,36,119.5706177,31.74697876,68
254,6.5,1143,0,0,1143,0,0,0,0,0,0,0,0,0,0,0,68
264,4,1148,95.02106014,0,1148,1096,1148,53,0,0,0,4,11296,50,113.464426,31.640304,114
289,3.5,1145,33.11025194,0,1145,0,1145,0,0,0,0,4,11027,0,114.34333,34.785477,68
313,8,1144,0,0,1144,0,0,0,0,0,0,4,11027,0,114.34333,34.785477,68
325,6.5,1140,86.22597137,0,1140,1081,1158,78,0,0,0,6,12669,36,119.952301,31.782784,68
337,8,1149,0,0,1149,0,0,0,0,0,0,27,0,50,0,0,68
341,6,1141,0,0,1141,0,0,0,0,0,0,27,12669,0,120.618622,31.31271,68
343,5,1147,0,0,1147,0,0,0,0,0,0,27,12669,0,120.618622,31.31271,68
346,5.5,1145,101.9355419,0,1145,0,0,0,1115,1156,41,27,13867,165,118.026779,27.756025,68
368,6.5,1148,0,0,1148,0,0,0,0,0,0,0,0,0,0,0,68
369,6,1145,96.53303801,0,1145,0,0,0,0,0,0,83,12753,36,118.867645,28.956821,68
373,3.5,1145,92.02000136,0,1145,0,1145,0,0,0,0,83,12753,36,118.867645,28.956821,68
376,6,1140,0,0,1140,0,0,0,0,0,0,0,0,0,0,0,68
377,6.5,1147,86.04792852,0,1147,0,0,0,0,0,0,18,11027,0,114.34333,34.785477,68
380,3.5,1149,93.18142316,0,1149,0,1149,0,0,0,0,19,11027,0,114.34333,34.785477,43
382,9,1149,92.40154888,0,1149,0,0,0,0,0,0,19,11027,0,114.34333,34.785477,68
384,6.5,1145,92.17290436,0,1145,0,0,0,0,0,0,19,12907,0,116.627449,27.559717,68
388,6,1142,0,0,1142,0,0,0,0,0,0,0,0,0,0,0,68
389,4,1147,72.29493966,0,1147,0,0,0,0,0,0,19,12824,0,116.663833,28.994167,68
390,6.5,1149,0,0,1149,0,0,0,0,0,0,19,0,0,0,0,68
398,3.5,1140,88.15011339,0,1140,0,0,67,0,0,0,18,11027,0,114.34333,34.785477,114
399,6,1145,90.07012081,0,1145,0,0,0,0,0,0,18,11027,0,114.34333,34.785477,43
410,9,1145,53.78777195,0,1145,0,0,0,0,0,0,0,12669,36,120.099312,30.864964,68
426,5.5,1140,41.79854586,0,1140,0,0,0,0,0,0,0,12824,0,117.96489,28.450691,68
445,9,1147,0,0,1147,0,0,0,0,0,0,0,0,0,0,0,68
452,6.5,1141,0,0,1141,0,0,0,0,0,0,0,0,0,0,0,68
466,4.5,1144,88.99083891,0,1144,1085,1159,75,0,0,0,13,12669,36,119.814385,31.363638,9
474,6.5,1143,33.11025194,0,1143,0,0,0,1140,0,0,0,11296,0,112.535469,33.001678,68
490,6,1149,0,0,1149,0,0,0,0,0,0,0,12669,0,120.618622,31.31271,68
494,6,1142,59.26004911,0,1142,0,0,0,0,0,0,0,12753,36,118.615936,28.735312,68
505,4.5,1147,101.9812918,0,1147,0,0,0,1106,1161,55,10,12753,165,119.263466,28.587894,40
509,3.5,1140,63.77396013,0,1140,0,1146,0,0,0,0,10,11141,28,118.478098,36.69748,68
518,4,1140,89.783301,0,1140,1081,1140,60,0,0,0,0,13867,118,118.68367,25.36455727,40
522,3.5,1142,19.58919453,0,1142,0,0,0,0,0,0,0,12669,36,118.738399,29.480773,68
532,5,1142,33.11025194,0,1142,0,0,0,0,0,0,0,12753,36,121.120598,28.843132,40
538,6,1142,0,0,1142,0,0,0,0,0,0,0,0,0,0,0,68
547,6,1141,49.16882104,0,1141,0,0,0,0,0,0,0,12669,36,119.5706177,31.74697876,68
565,6,1144,97.28461028,50.80744148,1144,0,0,62,1131,1144,13,12,11371,118,112.38263,34.665276,68
574,5.5,1146,0,0,1146,0,0,0,0,1140,0,0,13284,0,103.923309,30.579893,68
584,2,1148,0,35.84893708,1148,1097,1148,52,0,0,0,0,12824,130,118.76899,32.052563,235
590,6.5,1148,42.27589061,0,1148,0,0,0,0,0,0,0,13867,118,118.536255,27.924686,68
611,6.5,1142,96.3843935,0,1142,0,1142,0,0,0,0,59,13425,14,105.570206,30.503918,68
617,6,1145,95.57009985,0,1145,0,0,0,0,0,0,0,12753,0,121.444199,29.979195,68
624,3,1145,0,49.80966116,1145,0,0,0,0,0,0,4,12753,36,120.578262,30.004515,142
646,1,1141,92.81054735,0,1141,0,0,76,0,0,0,45,12753,118,120.578262,30.004515,147
675,5.5,1147,0,0,1147,0,1147,0,0,0,0,0,13425,36,105.053894,29.580755,68
688,2,1149,90.62000568,49.79019038,1149,1090,1168,79,0,0,0,82,12753,36,121.120598,28.843132,68
699,5.5,1148,41.79854586,0,1148,0,0,0,1118,0,0,0,13867,36,119.381439,25.727917,68
701,6.5,1140,0,0,1140,0,0,0,0,0,0,74,12824,0,115.745026,29.330564,68
713,7.5,1144,0,0,1144,0,0,0,0,0,0,8,11027,0,114.34333,34.785477,68
715,3.5,1145,100.0021401,195.0039843,1145,1086,1153,68,0,0,0,8,12907,118,115.398987,28.015566,68
716,3,1145,42.14511945,50.85578905,1145,1086,1157,72,0,0,0,0,12753,36,120.556442,27.675718,68
730,9,1146,0,0,1146,0,0,0,0,0,0,0,0,0,0,0,68
767,3,1142,0,0,1142,0,0,0,0,0,0,0,12433,36,119.177627,32.267544,68
793,6,1144,94.24086099,99.58038077,1144,0,0,58,1114,0,0,0,12669,39,119.4442902,32.20648956,40
796,3.5,1142,0,0,1142,0,0,0,1112,1163,51,0,12824,165,117.124092,28.964994,157
806,4.5,1147,97.50554272,0,1147,1088,1150,63,0,0,0,34,12753,36,120.653221,28.018291,68
816,5.5,1143,0,0,1143,0,0,0,0,0,0,1,12669,0,119.952301,31.782784,68
819,6.5,1141,0,0,1141,0,0,0,0,0,0,0,0,0,0,0,68
826,2,1146,89.35279204,49.79019038,1146,1087,1146,60,0,0,0,0,12669,50,119.952301,31.782784,186
834,5,1145,83.12634042,0,1145,0,0,0,1155,0,0,0,12669,0,119.952301,31.782784,40
842,6.5,1145,0,0,1145,0,0,0,0,0,0,0,13867,36,118.3237839,27.03886414,68
852,7.5,1149,0,0,1149,0,0,0,0,0,0,0,0,0,0,0,68
862,4,1144,0,0,1144,0,0,0,0,0,0,0,0,0,0,0,68
904,4.5,1142,0,0,1142,0,0,0,0,0,0,0,0,0,0,0,68
917,6,1140,91.45854909,0,1140,0,0,0,1140,0,0,42,12433,0,116.555748,33.268639,68
920,6.5,1140,0,0,1140,0,0,0,0,0,0,42,11027,0,114.34333,34.785477,68
921,9,1143,96.51109649,0,1143,0,0,0,0,0,0,42,12753,0,120.653221,28.018291,68
929,6,1141,0,0,1141,0,0,0,0,0,0,0,0,0,0,0,68
948,3.5,1140,94.49248692,0,1140,0,1140,0,0,0,0,0,12907,36,114.505661,26.327883,68
958,6.5,1145,0,0,1145,0,0,0,0,0,0,0,0,0,0,0,68
961,6.5,1144,52.37012321,0,1144,0,0,0,0,0,0,0,11371,0,112.785721,34.840869,68
998,6.5,1144,0,0,1144,0,0,0,0,0,0,0,0,0,0,0,68
1012,6.5,1143,0,0,1143,0,0,0,0,1143,0,15,11371,0,112.5826721,35.09243774,68
1038,5.5,1147,97.82477013,0,1147,1088,1154,67,0,0,0,0,12824,36,118.7425,30.946941,68
1045,4.5,1141,0,0,1141,0,0,0,1133,0,0,0,11703,0,115.045477,36.873618,68
1047,2,1148,0,0,1148,0,0,0,0,1147,0,0,11703,0,115.045477,36.873618,68
1053,6.5,1143,50.05019462,0,1143,0,0,0,0,0,0,81,13284,36,103.151785,29.911529,68
1058,6,1145,96.42221844,0,1145,0,0,0,1115,1133,18,0,13284,36,104.197617,31.342484,68
1062,3.5,1148,95.31937811,99.58038077,1148,1089,1153,65,0,0,0,15,12669,36,120.618622,31.31271,40
1064,9,1147,0,0,1147,0,0,0,0,0,0,0,0,0,0,0,68
1065,4,1141,88.60535118,0,1141,1082,1153,72,0,0,0,15,12669,36,120.297668,31.574614,68
1088,6.5,1140,0,0,1140,0,0,0,1138,0,0,15,11371,0,112.5826721,35.09243774,68
1089,4.5,1143,97.82469143,0,1143,0,0,77,1102,0,0,0,12669,36,119.947754,30.053434,157
1093,2.5,1148,0,0,1148,0,1148,0,1126,0,0,0,11203,50,116.282559,35.956072,68
1100,6,1148,33.11025194,0,1148,0,0,0,0,0,0,0,13867,36,118.589905,24.909641,68
1127,5.5,1142,0,0,1142,0,0,0,1112,0,0,0,12669,36,119.952301,31.782784,68
1136,6,1145,94.49248692,0,1145,0,0,0,0,0,0,0,12753,36,118.867645,28.956821,68
1139,6.5,1140,47.2950022,0,1140,0,0,0,0,0,0,0,13867,36,118.169182,26.642174,68
1148,5,1140,0,96.72771491,1140,0,0,0,1110,0,0,0,13867,50,119.518837,25.959837,68
1153,6.5,1140,98.42753864,0,1140,0,0,0,1110,0,0,0,13867,50,118.68367,25.36455727,40
1160,6,1148,100.5868433,0,1148,1089,1171,83,0,0,0,0,13867,165,119.011101,25.433954,68
1161,3.5,1145,101.078947,0,1145,0,0,0,1115,0,0,0,13952,36,111.658852,24.336819,146
1162,6,1142,93.62425149,0,1142,0,0,0,1142,0,0,0,13867,118,118.18219,26.171848,68
1173,8.5,1143,0,0,1143,0,0,0,0,0,0,0,0,0,0,0,68
1191,6.5,1142,0,0,1142,0,0,0,0,0,0,0,0,0,0,0,68
1192,6,1149,41.79854586,0,1149,0,0,0,0,0,0,45,11203,0,116.088707,35.39620972,68
1228,6,1143,53.02369291,0,1143,0,0,0,0,0,0,0,11203,50,116.304527,35.068165,56
1233,6.5,1142,0,0,1142,0,0,0,0,0,0,17,12907,36,114.931137,27.804075,68
1237,3.5,1145,0,0,1145,1086,1158,73,0,0,0,16,12907,50,114.971275,27.103239,68
1238,3.5,1146,89.30948193,42.81956373,1146,1087,1167,81,0,0,0,17,0,36,0,0,68
1249,5,1145,0,0,1145,0,0,0,0,0,0,0,12669,36,119.4442902,32.20648956,68
1260,3.5,1141,93.65197894,20.89927293,1141,1082,1145,64,0,0,0,0,12669,36,121.227638,31.009476,40
1267,4,1141,85.58998073,48.01466731,1141,0,1141,0,0,0,0,0,12753,118,121.120598,28.843132,68
1282,6,1148,0,0,1148,0,0,0,0,0,0,0,0,0,0,0,68
1288,5.5,1147,97.4136873,0,1147,1088,1148,61,0,0,0,23,12753,0,120.578262,30.004515,68
1303,6,1143,0,0,1143,0,0,0,0,1143,0,31,11027,0,114.34333,34.785477,68
1332,6,1143,95.0649621,47.34822115,1143,0,0,0,1122,0,0,0,13867,118,118.589905,24.909641,68
1341,4.5,1148,86.82373308,0,1148,0,0,0,0,1163,0,0,11203,0,115.875175,34.962231,68
1369,2.5,1146,92.5653816,0,1146,0,1146,0,0,0,0,0,11901,36,107.9395,35.5011,68
1373,1.5,1142,95.5855972,495.8495549,1142,1083,1157,75,0,0,0,0,11296,50,112.589256,31.169827,34
1374,6.5,1146,0,0,1146,0,0,0,0,0,0,0,11296,0,112.589256,31.169827,68
1383,2,1142,0,0,1142,0,0,0,0,0,0,69,11027,0,113.719086,34.397324,68
1412,4.5,1148,0,0,1148,0,0,0,0,0,0,0,12824,36,117.236359,29.382742,68
1419,3.5,1149,87.8921227,0,1149,0,0,65,0,0,0,2,12669,36,120.618622,31.31271,68
1434,5.5,1142,92.31512447,0,1142,0,0,0,0,0,0,0,12669,0,119.814385,31.363638,68
1467,8.5,1144,0,0,1144,0,0,0,0,0,0,0,12669,0,119.952301,31.782784,68
1520,6.5,1143,90.46330915,0,1143,1084,1164,81,0,0,0,0,12669,50,119.4442902,32.20648956,40
1539,5.5,1149,0,0,1149,0,0,0,1119,0,0,0,12669,165,119.723953,29.970999,40
1562,4.5,1145,51.1085485,0,1145,0,0,78,0,0,0,0,13867,36,119.011101,25.433954,68
1568,5.5,1140,93.52929747,0,1140,0,0,0,0,0,0,0,11703,0,114.772179,37.752926,68
1580,6.5,1147,0,0,1147,0,0,0,0,0,0,0,0,0,0,0,68
1583,4,1145,86.8486549,0,1145,1086,1161,76,0,0,0,53,12907,118,115.89772,28.674896,68
1586,8,1143,54.93450188,0,1143,0,0,0,0,0,0,0,13015,0,112.978134,28.198198,68
1590,2,1147,98.48556431,114.6921171,1147,1088,1165,78,0,0,0,0,12669,36,119.5706177,31.74697876,68
1605,5,1142,0,0,1142,0,1148,0,0,0,0,105,12824,0,115.745026,29.330564,68
1639,6,1142,0,0,1142,0,0,0,0,0,0,0,0,0,0,0,68
1643,6.5,1145,0,0,1145,0,0,0,0,0,0,0,11203,0,115.646072,34.447662,68
1690,8,1143,0,0,1143,0,0,0,0,0,0,0,0,0,0,0,68
1692,4.5,1143,100.1493617,49.79019038,1143,1084,1166,83,0,0,0,0,12753,50,120.578262,30.004515,68
1702,9,1148,0,0,1148,0,0,0,0,0,0,0,0,0,0,0,68
1713,9,1142,96.38980567,0,1142,0,0,0,0,0,0,27,12669,0,119.4442902,32.20648956,68
1718,5,1140,95.57698864,0,1140,0,0,0,1128,0,0,0,12753,118,120.071625,29.300087,68
1757,5,1140,94.98337406,0,1140,1081,1160,80,0,0,0,62,12824,36,118.433945,29.86577,68
1763,1,1148,2.825472166,0,1148,1089,0,0,0,0,0,0,13284,165,104.077995,30.650385,68
1784,6.5,1147,0,0,1147,0,0,0,0,0,0,0,0,0,0,0,68
1819,6,1143,0,0,1143,0,0,0,0,1154,0,0,0,0,0,0,68
1820,3,1147,95.49783196,0,1147,0,1147,0,1142,0,0,20,13284,0,104.077995,30.650385,68
1822,6,1149,92.5142766,0,1149,0,0,0,0,0,0,20,12824,0,117.96489,28.450691,68
1863,3.5,1142,94.28913562,99.58038077,1142,0,1149,0,1103,0,0,0,13284,36,103.831459,30.050497,68
1864,4,1149,0,0,1149,0,1157,0,0,0,0,20,11027,0,114.859356,34.92438,68
1878,1.5,1143,91.83005468,192.6827197,1143,0,1143,0,1106,0,0,0,11901,36,107.8760223,36.0051651,10
1884,3,1149,96.81093482,0,1149,0,1149,0,0,0,0,0,12907,118,114.559631,29.038708,68
1914,3,1143,0,0,1143,0,0,0,1109,1130,21,20,11027,36,114.1807709,34.41345215,68
1923,5.5,1145,0,0,1145,0,0,0,1115,0,0,0,12753,36,121.120598,28.843132,68
1938,6,1145,81.91993787,0,1145,0,0,0,0,0,0,0,12669,0,120.168625,30.294125,68
1990,6,1143,0,0,1143,0,0,0,0,0,0,0,0,0,0,0,68
1991,5.5,1146,0,0,1146,0,0,0,0,0,0,0,0,0,0,0,68
1995,6,1140,0,0,1140,0,0,0,0,0,0,0,0,0,0,0,68
2034,6,1149,100.8218059,0,1149,1096,1149,53,0,0,0,9,13867,0,117.455017,26.720821,68
2035,6,1145,53.44119825,0,1145,0,0,0,0,0,0,21,11027,0,114.34333,34.785477,68
2056,4,1140,33.11025194,0,1140,0,0,0,0,0,0,0,13867,0,117.159111,26.898485,68
2065,9,1145,47.53240298,0,1145,0,0,0,0,0,0,39,12669,36,120.618622,31.31271,68
2091,1.5,1148,99.34779984,0,1148,0,0,0,0,0,0,82,13284,36,104.143768,30.004446,68
2096,6.5,1145,0,0,1145,0,0,0,0,0,0,0,0,0,0,0,68
2117,6.5,1148,51.45512209,0,1148,0,1148,0,0,0,0,87,12669,165,119.569855,31.995802,40
2122,3.5,1148,99.66603482,0,1148,0,1148,0,1126,0,0,6,11371,36,112.38263,34.665276,68
2125,6,1144,91.34134887,0,1144,0,0,0,0,0,0,0,13867,36,119.011101,25.433954,14
3050,8,1148,97.73400477,0,1148,1108,1148,41,0,0,0,45,12669,36,120.637787,31.167065,36
3094,5.5,1145,100.9170652,145.1663039,1145,0,1145,0,0,0,0,45,13867,36,117.781792,26.39761,142
3134,1,1145,95.70754063,3.975949821,1145,0,0,69,0,0,0,0,12669,77,120.618622,31.31271,61
3225,7.5,1145,42.14511945,0,1145,1086,1148,63,0,0,0,0,0,26,0,0,40
3390,6,1145,47.53240298,9.270180402,1145,0,0,0,0,0,0,34,12753,36,120.630691,27.790512,40
3416,8,1142,56.8118128,0,1142,0,0,0,0,0,0,84,13867,118,118.536255,27.924686,40
3552,8,1145,101.0400722,49.79019038,1145,1086,1150,65,0,0,0,15,13867,101,117.333252,27.539524,94
3637,5.5,1147,96.33672229,0,1147,1088,1148,61,0,0,0,23,12753,118,120.578262,30.004515,40
3817,8,1143,54.93450188,0,1143,1093,1143,51,0,0,0,0,13015,14,112.978134,28.198198,147
4024,5,1147,98.01956151,0,1147,1088,1163,76,0,0,0,0,0,118,0,0,40
4105,7.5,1142,47.53240298,0,1142,0,0,0,0,0,0,39,12669,36,120.618622,31.31271,40
4120,6,1147,54.87001552,0,1147,0,0,0,0,1135,0,0,12907,0,116.351341,27.984781,40
4158,7.5,1140,91.23108198,0,1140,1081,1146,66,0,0,0,61,12753,36,118.404884,29.14485,209
7001,3.5,1149,95.14239906,72.46905691,1149,1090,1149,60,0,0,0,8,12669,36,120.932022,30.517859,142
7028,4,1143,93.25739503,0,1143,0,0,0,1124,1143,19,12,12669,165,120.9482346,31.3861084,189
7043,4,1144,98.04326043,0,1144,1085,1146,62,0,0,0,0,13867,118,118.774612,27.528404,40
7046,1,1142,97.62758315,0,1142,1089,1142,54,0,0,0,0,12669,77,120.168625,30.294125,61
7143,6.5,1149,100.5424344,0,1149,1090,1154,65,0,0,0,24,12669,36,120.733788,31.646582,36
7307,3,1148,81.61844005,87.33354465,1148,1089,1164,76,0,0,0,0,12669,36,120.618622,31.31271,40
7330,5.5,1142,41.79854586,49.90201683,1142,0,1142,0,0,0,0,76,13284,36,103.869247,30.200752,40
7343,1,1140,89.84870981,151.3164261,1140,1081,1169,89,0,0,0,0,12669,130,119.952301,31.782784,142
7381,6,1141,100.9245593,0,1141,1082,1153,72,0,0,0,20,12669,54,120.637787,31.167065,40
7389,1,1149,98.6188723,0,1149,1090,1151,62,0,0,0,0,12669,36,120.9482346,31.3861084,40
8008,1.5,1149,99.58038077,9577.810332,1149,1090,1155,66,0,0,0,0,12824,130,118.76899,32.052563,156
8024,1.5,1144,99.81022563,200.1593616,1144,1085,1147,63,0,0,0,0,11901,36,111.217209,35.357723,34
8037,1.5,1145,55.38550833,99.58038077,1145,1086,1163,78,0,0,0,7,13867,36,119.321577,26.073954,34
8039,1.5,1141,97.90562417,182.5158908,1141,1082,1144,63,0,0,0,0,12669,50,120.618622,31.31271,34
8050,1,1149,95.30208558,117.0692797,1149,1090,1151,62,0,0,0,0,12669,77,120.618622,31.31271,2
8054,1.5,1147,95.42933455,195.165978,1147,1088,1152,65,0,0,0,0,12669,36,119.9406,30.27177,34
8060,2.5,1141,97.03515115,0,1141,0,0,67,0,0,0,0,12907,54,114.559631,29.038708,114
8063,2,1146,87.95500568,0,1146,0,1146,0,0,0,0,0,12669,36,120.168625,30.294125,142
8078,1.5,1140,100.7502457,378.1929293,1140,1083,1140,58,0,0,0,15,12669,36,120.297668,31.574614,34
8082,1,1144,97.43878946,48.34075744,1144,1085,1146,62,0,0,0,15,13867,36,118.589905,24.909641,34
8094,2,1145,95.26381908,0,1145,0,0,73,0,0,0,0,12753,36,120.025253,28.897268,34
8137,1.5,1140,49.35934982,0,1140,0,1140,0,0,0,0,0,11703,36,114.345497,36.098343,34
8138,2,1149,0,0,1149,0,0,0,0,1147,0,0,12824,226,118.76899,32.052563,34
8141,2,1147,89.80347175,49.79019038,1147,1088,1171,84,0,0,0,62,12824,36,117.930214,29.933117,34
8175,1,1141,95.93821857,303.1971932,1141,1103,1141,39,0,0,0,0,12824,77,117.481834,30.654661,147
8178,2.5,1143,95.08262862,51.96459304,1143,1084,1144,61,0,0,0,20,11546,101,115.665085,36.236708,34
10156,1.5,1147,93.45610412,49.79019038,1147,1088,1155,68,0,0,0,0,12824,36,116.663833,28.994167,33
10159,8.5,1149,85.11366128,0,1149,1090,1149,60,0,0,0,0,12824,118,116.663833,28.994167,33
10212,7.5,1149,92.43565148,0,1149,0,0,0,0,0,0,0,13284,96,103.831459,30.050497,142
10267,6.5,1145,88.47487104,0,1145,0,0,0,0,0,0,0,12669,29,120.9482346,31.3861084,114
10317,9,1148,98.38130388,0,1148,0,0,0,0,0,0,0,12753,36,121.542656,29.866316,40
10416,2.5,1142,87.30660183,0,1142,1089,1142,54,0,0,0,18,12753,36,118.867645,28.956821,9
10549,8,1144,94.78163804,0,1144,1081,1144,64,0,0,0,45,12824,14,118.76899,32.052563,114
10560,5.5,1145,96.12833484,0,1145,0,0,0,0,0,0,34,12753,36,120.653221,28.018291,40
10703,4,1143,101.7115781,164.234021,1143,1084,1145,62,0,0,0,31,12753,54,119.649918,29.104712,52
10757,9,1140,47.53240298,42.81956373,1140,0,0,0,1119,1131,12,0,12753,101,120.815277,29.58749,40
10995,7,1145,52.57257713,0,1145,0,0,0,1115,0,0,0,13867,36,119.011101,25.433954,40
11107,4,1142,93.36519419,0,1142,0,0,0,0,0,0,0,13867,50,119.011101,25.433954,68
11189,3.5,1143,56.99128846,0,1143,1084,1151,68,0,0,0,4,13867,36,118.68367,25.36455727,40
11272,8.5,1148,33.16240436,0,1148,0,0,0,1118,0,0,62,13867,36,119.011101,25.433954,40
11363,5,1148,33.11025194,0,1148,0,0,0,0,0,0,0,12753,36,121.120598,28.843132,40
11445,8,1145,97.1820466,99.58038077,1145,0,0,0,1115,0,0,0,13867,36,119.011101,25.433954,144
11504,8,1145,0,0,1145,0,0,0,0,0,0,0,13867,36,119.321577,26.073954,142
11552,8,1142,52.38924675,0,1142,0,0,0,0,0,0,115,13867,36,119.321577,26.073954,40
11675,7.5,1145,47.2950022,0,1145,1086,0,73,0,0,0,42,12433,118,116.555748,33.268639,139
11710,5.5,1142,90.38295867,0,1142,0,0,0,0,0,0,0,11027,0,114.77003,35.418397,40
11826,1,1146,104.5613818,92.60975412,1146,1097,1146,50,0,0,0,29,13867,14,118.026779,27.756025,40
11827,6.5,1147,104.4905427,0,1147,1101,1147,47,0,0,0,29,13867,118,118.026779,27.756025,94
11853,8.5,1145,55.18999091,99.58038077,1145,0,0,0,0,0,0,0,12669,0,119.569855,31.995802,36
11872,6,1145,104.8787919,0,1145,1086,1162,77,0,0,0,0,13867,137,118.026779,27.756025,146
11904,4,1143,105.4291967,92.60975412,1143,1097,1143,47,0,0,0,23,13867,36,118.026779,27.756025,40
11976,7.5,1145,0,0,1145,0,0,0,0,0,0,0,11027,0,115.065971,34.430504,40
12023,4.5,1147,100.3663334,0,1147,1088,1156,69,0,0,0,2,12669,36,119.952301,31.782784,40
12032,5.5,1145,94.41824073,0,1145,0,0,0,0,0,0,2,13867,36,118.68367,25.36455727,186
12187,9.5,1142,95.15845254,0,1142,1091,1142,52,0,0,0,0,12907,101,114.608452,27.382462,33
12437,6,1145,99.05278265,0,1145,0,0,0,0,0,0,72,13284,0,104.197617,31.342484,40
12724,6,1142,0,0,1142,0,0,0,0,0,0,0,13867,36,119.321577,26.073954,40
12973,8,1145,42.27589061,0,1145,0,0,0,0,0,0,0,13867,118,118.536255,27.924686,40
13058,7,1148,98.00445781,0,1148,0,0,0,0,0,0,32,12907,94,114.559631,29.038708,40
13143,6,1141,93.75516589,0,1141,1082,1151,70,0,0,0,0,12907,50,114.971275,27.103239,147
13420,6.5,1142,100.0473199,142.3999445,1142,0,0,0,1112,0,0,33,12753,36,120.902107,29.494654,40
13462,5.5,1145,93.31713647,0,1145,0,0,0,0,0,0,23,12753,36,120.578262,30.004515,40
13639,9,1142,0,0,1142,0,0,0,0,0,0,45,13867,36,119.2296143,26.09373856,40
13715,9,1148,97.38438895,49.79019038,1148,0,0,0,0,0,0,9,13867,36,118.536255,27.924686,40
13892,8.5,1148,54.8964664,0,1148,1093,1148,56,0,0,0,9,13284,118,103.512261,30.02619,40
13924,4,1147,98.47222139,0,1147,0,1147,0,0,0,0,0,12824,36,117.580116,28.953411,40
13950,8,1147,102.5984932,0,1147,0,0,32,0,0,0,0,12824,36,117.844589,29.244728,263
13960,8,1142,0,0,1142,0,0,0,0,0,0,0,12824,36,117.236359,29.382742,40
14000,9,1145,0,0,1145,0,0,0,0,0,0,0,13867,36,118.536255,27.924686,256
14010,5.5,1149,0,0,1149,0,0,0,0,0,0,0,13867,50,119.321577,26.073954,68
14034,3,1147,98.47469671,148.611911,1147,1088,1154,67,0,0,0,0,12753,36,119.649918,29.104712,256
14093,9.5,1143,87.24342827,0,1143,0,0,0,0,0,0,38,11027,33,114.34333,34.785477,40
14126,6,1142,45.9239507,0,1142,0,0,0,0,0,0,23,13867,36,119.321577,26.073954,40
14127,9.5,1142,0,0,1142,0,0,0,0,0,0,23,13867,36,119.321577,26.073954,40
14139,8,1143,0,0,1143,0,0,0,0,0,0,0,13867,50,119.321577,26.073954,40
14140,5,1142,54.531393,0,1142,0,0,0,0,0,0,23,13867,36,119.321577,26.073954,40
14152,8,1142,52.86464761,0,1142,0,0,0,0,0,0,0,13867,36,118.934105,25.867622,40
14153,4,1142,52.86465409,142.3999445,1142,0,0,63,0,0,0,0,12753,36,121.542656,29.866316,40
14172,5.5,1148,1.597311784,49.79019038,1148,0,0,66,1118,0,0,0,12669,50,119.569855,31.995802,157
14173,9.5,1148,0,18.5403608,1148,0,0,0,1118,0,0,0,12669,50,119.569855,31.995802,40
14256,2.5,1145,99.25301541,0,1145,1087,1145,59,0,0,0,0,11296,0,109.02697,32.693626,61
14411,6.5,1145,45.9239507,0,1145,0,0,0,0,0,0,0,13867,36,119.321577,26.073954,40
14517,4,1147,0,0,1147,0,1147,0,0,0,0,0,0,0,0,0,40
14614,5,1142,0,0,1142,0,0,0,0,0,0,0,12669,36,119.5706177,31.74697876,40
14741,7.5,1140,90.26130727,0,1140,0,0,0,0,0,0,22,12669,0,120.733788,31.646582,40
14764,6.5,1145,0,0,1145,0,0,0,0,0,0,0,12753,0,119.913009,28.448732,40
14912,8,1148,100.5674691,0,1148,0,0,0,0,0,0,22,12907,74,115.372276,28.425598,61
15027,6.5,1145,0,142.3999445,1145,0,0,0,0,0,0,0,13867,0,118.323784,27.038864,68
15052,8.5,1148,89.88905952,0,1148,0,0,0,0,0,0,0,12669,0,120.618622,31.31271,40
15228,8,1142,90.78724574,0,1142,0,0,0,0,0,0,45,12669,36,119.4442902,32.20648956,147
15233,5.5,1141,77.58545783,0,1141,0,0,0,0,0,0,45,12091,0,103.8579407,35.37914658,61
15286,3,1142,94.80296349,0,1142,1083,1142,60,0,0,0,0,11141,36,119.106499,36.702705,215
15308,8.5,1148,93.47603312,0,1148,0,0,0,0,0,0,0,13867,36,119.381439,25.727917,40
15443,1,1146,88.70729386,0,1146,1087,1153,67,0,0,0,0,12753,165,119.649918,29.104712,40
15588,6,1140,0,0,1140,0,0,77,1112,0,0,0,12824,36,117.930214,29.933117,40
15716,9,1140,0,0,1140,0,0,0,0,0,0,36,11371,0,112.38263,34.665276,40
15782,1,1142,90.66989944,0,1142,0,0,0,0,0,0,83,12824,36,117.236359,29.382742,94
15794,4,1142,51.77433748,0,1142,0,0,0,1112,1127,15,1,13867,36,117.483398,27.337692,40
15799,9,1142,0,0,1142,0,0,0,0,0,0,1,13867,36,117.483398,27.337692,40
15942,5,1140,0,0,1140,0,0,75,1127,1134,7,14,12753,0,118.8676453,28.95682144,180
16045,4.5,1143,56.0288761,0,1143,0,0,0,0,0,0,0,12669,0,120.618622,31.31271,40
16046,3.5,1145,56.72202328,0,1145,0,0,0,0,0,0,0,12669,0,120.618622,31.31271,40
16157,7.5,1148,2.825472166,0,1148,0,0,0,0,0,0,13,12753,36,120.73346,28.852207,40
16307,6.5,1145,97.87179273,0,1145,0,0,0,1111,0,0,0,12669,36,120.733788,31.646582,40
16607,8.5,1142,55.67928013,0,1142,0,0,0,1111,0,0,7,13867,36,119.321577,26.073954,40
16669,6,1140,96.50045356,0,1140,1081,1159,79,0,0,0,0,13952,54,114.302086,25.118843,71
16681,5.5,1144,99.1904991,0,1144,0,1144,0,0,0,0,23,12669,0,120.168625,30.294125,40
16819,8.5,1140,97.67031979,0,1140,0,0,0,0,0,0,0,12824,0,119.486,31.430706,40
16890,7.5,1148,0,0,1148,0,0,0,0,1127,0,12,12753,36,119.478851,29.204453,40
17039,4,1145,0,0,1145,0,0,0,0,0,0,62,12669,36,119.6649399,29.80245781,40
17307,6,1148,54.54770572,46.38335516,1148,0,0,0,0,0,0,0,13015,36,112.978134,28.198198,157
17333,1,1145,0,0,1145,0,0,0,1116,0,0,0,13015,36,112.852417,27.245646,40
17475,3.5,1145,90.82661239,0,1145,0,0,0,1115,0,0,0,12753,165,120.556442,27.675718,40
17481,7.5,1142,92.36394147,0,1142,0,0,43,0,0,0,17,12753,118,120.653221,28.018291,40
17483,6,1145,95.63697154,0,1145,0,0,0,0,0,0,17,12669,36,119.901375,31.013893,40
17511,1,1148,100.3627784,97.01232609,1148,1089,1158,70,0,0,0,27,12824,36,118.433945,29.86577,40
17578,8.5,1141,0,0,1141,0,0,0,0,0,0,8,11027,0,114.34333,34.785477,40
17584,9,1148,91.90758484,0,1148,1098,1148,51,0,0,0,0,12669,118,120.168625,30.294125,40
17657,3,1144,45.44273887,0,1144,0,0,0,0,0,0,0,12753,118,120.071625,29.300087,147
17675,1,1144,99.25966326,0,1144,0,1144,0,0,0,0,18,12669,0,120.099312,30.864964,40
18427,8.5,1142,102.6745658,0,1142,1085,1142,58,0,0,0,61,13867,36,118.10537,27.33988,40
18659,1,1145,33.11025194,0,1145,0,0,0,1115,0,0,0,12669,36,120.9482346,31.3861084,52
18705,3.5,1143,96.41152825,0,1143,1084,1149,66,0,0,0,24,12669,36,120.168625,30.294125,40
18715,6,1142,0,0,1142,0,0,0,1112,1135,23,0,12824,165,117.124092,28.964994,40
18809,8,1148,45.44273887,0,1148,0,0,0,0,0,0,0,12753,36,121.542656,29.866316,40
18847,3,1142,58.09295321,0,1142,1085,1142,58,0,0,0,1,12669,36,119.952301,31.782784,40
19077,5.5,1145,95.10184809,0,1145,0,0,0,0,0,0,0,13867,0,117.483398,27.337692,40
19082,6,1142,97.8728706,0,1142,0,0,0,1112,0,0,0,12753,36,121.444199,29.979195,40
19087,4,1140,96.60429024,0,1140,0,0,0,0,0,0,0,13284,14,103.831459,30.050497,14
19376,1,1142,87.37291546,0,1142,0,0,0,0,0,0,0,11027,0,114.34333,34.785477,40
19562,7.5,1148,0,0,1148,0,0,0,0,0,0,0,12669,36,120.733788,31.646582,190
19566,5.5,1149,0,0,1149,0,0,0,1119,1131,12,0,12433,226,119.437187,32.39127,40
19743,8.5,1145,0,0,1145,0,0,0,1141,0,0,0,12669,0,120.932022,30.517859,40
20023,5.5,1147,95.10907276,0,1147,0,0,0,1102,0,0,0,13284,0,104.077995,30.650385,9
20024,7,1148,95.09267064,0,1148,0,0,0,0,0,0,0,13284,0,104.077995,30.650385,71
20079,8,1149,42.14511945,0,1149,0,0,73,0,0,0,0,13015,29,112.378121,24.779701,40
20285,7,1148,33.11025194,0,1148,0,0,0,0,0,0,0,13867,36,118.862495,26.213224,40
20353,5.5,1142,94.75678856,49.79019038,1142,0,0,70,0,0,0,0,12669,36,120.618622,31.31271,40
20374,9,1145,0,0,1145,0,0,0,0,0,0,0,13867,36,119.2296143,26.09373856,40
21263,8,1145,0,0,1145,0,0,0,0,0,0,0,13867,36,119.2296143,26.09373856,40
21690,9,1149,93.92449176,0,1149,1090,1173,84,0,0,0,14,13867,118,118.589905,24.909641,157
21771,6.5,1146,93.72041408,0,1146,0,0,0,0,0,0,0,12907,39,114.23687,26.945564,0
21800,3,1143,89.55459738,0,1143,1086,1143,58,0,0,0,0,11287,36,113.818992,31.61832,40
22000,1,1146,98.17935633,35.84893708,1146,1087,1151,65,0,0,0,39,12433,36,119.437187,32.39127,164
22130,6,1142,0,0,1142,0,0,0,1112,1127,15,0,13867,36,119.518837,25.959837,40
22286,4,1149,97.2897309,0,1149,0,0,0,0,1149,0,0,12669,0,120.168625,30.294125,139
22313,8,1148,0,49.90201683,1148,0,0,0,0,0,0,0,13867,36,118.026779,27.756025,40
22337,7.5,1145,90.75941349,0,1145,0,0,0,1127,0,0,0,12824,36,116.681953,28.691545,40
22344,4.5,1143,97.68886434,0,1143,0,0,0,0,0,0,0,11141,0,119.106499,36.702705,40
22780,8,1145,2.825472166,0,1145,0,0,0,0,0,0,0,12753,36,120.73346,28.852207,40
22853,4,1141,93.85054523,145.3757876,1141,1119,1141,23,0,0,0,0,12824,0,117.481834,30.654661,61
22947,9,1140,87.97975372,0,1140,0,0,0,0,0,0,0,12669,0,120.618622,31.31271,40
23106,7.5,1148,82.23979173,0,1148,0,0,0,0,0,0,19,11027,74,114.34333,34.785477,61
23141,8.5,1148,57.36591225,0,1148,0,0,0,0,0,0,0,12907,36,114.608452,27.382462,40
23362,8.5,1146,50.77635546,0,1146,0,0,0,0,0,0,33,11027,0,113.641312,34.758076,40
23492,5.5,1142,51.69710839,0,1142,0,0,0,0,0,0,0,13867,36,119.321577,26.073954,40
23565,8.5,1145,91.45320635,0,1145,0,0,0,0,0,0,0,12669,0,120.26609,31.90877,40
23602,9,1149,80.96047455,0,1149,0,0,0,0,0,0,19,13867,74,118.589905,24.909641,61
23613,8.5,1149,76.39842854,0,1149,0,0,0,0,0,0,18,11027,0,114.34333,34.785477,40
23630,7,1144,81.58288205,0,1144,0,0,0,0,0,0,22,12753,74,120.578262,30.004515,61
23760,2.5,1145,50.77635546,0,1145,0,0,0,0,0,0,0,13952,36,116.594063,23.260954,40
23768,8.5,1140,50.77635546,0,1140,0,0,0,0,0,0,0,12753,0,120.058441,28.648392,40
23837,8.5,1146,88.22622845,0,1146,0,0,0,0,0,0,0,12669,0,120.618622,31.31271,40
23922,9,1145,53.33758948,0,1145,0,0,0,0,0,0,0,12753,0,120.815277,29.58749,40
24061,9.5,1147,94.50143691,0,1147,0,0,0,0,0,0,0,12669,0,120.297668,31.574614,40
24776,8.5,1142,0,0,1142,0,0,0,1112,0,0,0,13867,36,119.321577,26.073954,40
24778,6,1148,33.11025194,0,1148,0,0,0,1118,0,0,0,13867,165,119.321577,26.073954,40
25154,2.5,1149,99.63302474,0,1149,1090,1166,77,0,0,0,0,12753,36,120.556442,27.675718,40
25207,3,1149,42.14511945,0,1149,0,0,0,0,0,0,0,13867,0,119.321577,26.073954,40
25412,1,1143,94.46184335,190.5372715,1143,0,0,70,0,0,0,19,13867,74,118.323784,27.038864,264
25671,7,1147,90.61647639,9.668151488,1147,1088,1159,72,0,0,0,0,13867,44,118.589905,24.909641,2
25703,7.5,1148,63.68401634,0,1148,0,0,0,0,0,0,0,12669,36,120.753204,30.767469,40
25891,7.5,1148,45.9239507,0,1148,0,0,0,1118,1131,13,0,13867,36,119.011101,25.433954,144
25915,1.5,1147,85.49756019,0,1147,0,0,0,0,0,0,19,12907,74,116.351341,27.984781,2
26029,8.5,1148,45.44273887,0,1148,0,0,0,1118,0,0,0,13867,36,119.011101,25.433954,40
26617,7.5,1143,91.68823866,0,1143,0,0,0,0,0,0,0,12669,118,119.5706177,31.74697876,40
26779,9,1145,99.80347243,0,1145,0,0,0,0,0,0,0,13867,0,117.781792,26.39761,22
27179,7,1140,33.11025194,0,1140,1120,1140,21,0,0,0,0,12824,0,116.681953,28.691545,40
27239,6.5,1147,45.44273887,0,1147,1088,1163,76,0,0,0,0,12907,36,115.78302,25.58433,40
27395,3,1146,41.79854586,0,1146,1087,1162,76,0,0,0,0,13284,36,104.143768,30.004446,40
27592,5.5,1145,100.126352,49.79019038,1145,0,0,0,0,0,0,0,13867,36,118.3237839,27.03886414,40
27773,8.5,1148,104.5446681,142.3418539,1148,0,1148,0,0,0,0,0,13867,36,117.610733,24.117096,100
29558,8,1142,0,0,1142,0,0,0,0,0,0,0,11203,0,116.079254,34.797901,40
33999,5.5,1143,54.28456042,0,1143,0,0,0,0,0,0,64,12753,0,118.867645,28.956821,61
34695,5,1145,0,49.79019038,1145,0,0,0,0,0,0,0,13867,36,118.802818,25.022078,40
35292,8.5,1145,0,0,1145,0,0,83,1114,0,0,0,11203,36,116.584183,34.703617,40
35879,2.5,1149,62.84432503,0,1149,0,0,0,0,0,0,27,12907,94,116.061584,27.75564,0
36265,6,1140,49.43622103,0,1140,0,0,0,0,0,0,0,12669,36,120.932022,30.517859,40
36266,8.5,1144,94.05729817,0,1144,0,0,0,0,0,0,0,12669,0,119.952301,31.782784,40
36267,8.5,1148,94.05729817,0,1148,0,0,0,0,0,0,0,12669,0,119.952301,31.782784,40
37158,8.5,1147,45.9239507,0,1147,0,0,0,0,0,0,0,12753,0,120.071625,29.300087,147
37653,2.5,1148,0,0,1148,0,0,81,1108,1118,10,0,13867,36,116.3495407,25.83338165,0
37768,4,1146,94.48849594,0,1146,1087,1154,68,0,0,0,0,11901,139,104.620308,35.575092,0
38031,1,1148,102.4309278,0,1148,0,0,0,0,0,0,0,0,0,0,0,43
38083,8.5,1142,0,0,1142,0,0,0,1112,0,0,0,13867,36,119.990395,26.883463,0
38228,8.5,1148,0,0,1148,0,0,0,1118,0,0,0,12824,36,117.844589,29.244728,0
38431,7.5,1149,0,0,1149,1090,1160,71,0,0,0,0,11203,36,115.6460724,34.44766235,0
38608,5.5,1142,0,0,1142,0,0,0,1112,0,0,0,13867,36,119.381439,25.727917,40
38634,7,1147,95.27464302,0.1,1147,0,1147,0,1131,0,0,0,12091,0,104.9498,33.4022,0
38731,7,1149,55.89722942,0,1149,1101,1149,49,0,0,0,0,12753,36,120.902107,29.494654,40
39049,1,1141,0,0,1141,0,0,0,1111,1142,31,0,11026,36,113.8197479,34.03139114,0
39050,8,1148,0,0,1148,0,0,0,1118,0,0,0,12753,36,121.120598,28.843132,40
39229,4,1145,0,0,1145,0,0,0,1111,0,0,0,13284,36,103.572418,29.74136,40
39330,5.5,1145,0,0,1145,0,0,0,0,0,0,0,12753,36,118.502663,28.903732,40
39564,7.5,1142,0,0,1142,0,0,0,0,0,0,0,11901,0,108.9715,34.91327,40
39753,8.5,1144,0,0,1144,0,1144,0,0,0,0,0,13425,50,105.812285,30.194462,40
40012,7.5,1142,90.29438726,0,1142,0,0,0,1112,0,0,0,13867,165,118.10537,27.33988,94
40381,6.5,1149,0,0,1149,0,0,0,0,1149,0,0,0,0,0,0,0
40593,7.5,1140,0,0,1140,0,0,0,1140,0,0,0,0,0,0,0,0
40646,7.5,1142,33.11025194,0,1142,0,0,0,1112,0,0,0,12669,36,119.4442902,32.20648956,0
40680,8,1140,96.36872876,0,1140,1110,1140,31,0,0,0,0,0,0,0,0,2
40765,8.5,1142,97.33538686,0,1142,0,0,0,1142,0,0,0,13867,29,117.653053,24.511744,40
40780,9,1145,0,0,1145,0,0,0,1115,0,0,0,13867,36,119.321577,26.073954,0
40884,7.5,1142,0,0,1142,0,0,0,1112,0,0,0,13867,36,119.381439,25.727917,0
40885,9.5,1148,0,0,1148,1089,1158,70,0,0,0,0,0,0,0,0,0
40913,6,1149,33.11025194,0,0,0,0,0,1120,0,0,0,12669,0,119.4442902,32.20648956,0
40963,6.5,1144,0,0,1144,0,0,0,0,0,0,0,0,0,0,0,0
41133,8.5,1145,0,0,1145,0,0,0,1145,0,0,0,13867,36,119.321577,26.073954,40
41137,8,1140,0,0,1140,0,0,0,0,0,0,0,13284,0,104.143768,30.004446,0
41175,8,1144,51.87942994,0,1144,0,0,0,0,0,0,0,12907,0,115.342766,26.321701,0
41343,9,1146,0,24.38372163,1146,0,1146,0,1119,1131,12,0,11027,36,114.34333,34.785477,40
41368,6,1148,0,0,1148,0,0,0,1148,0,0,0,13867,29,117.653053,24.511744,0
41388,4,1144,0,0,1144,0,0,0,0,1144,0,0,0,0,0,0,40
41435,5,1142,0,0,1142,0,0,0,0,0,0,0,12669,0,120.618622,31.31271,0
41469,8.5,1145,0,0,1145,0,0,0,1115,0,0,0,13867,0,118.934105,25.867622,0
41493,4.5,1149,0,0,1149,0,0,0,1119,1156,37,0,13867,165,118.026779,27.756025,0
41529,7.5,1145,103.1093569,49.79019038,1145,0,0,0,1111,1145,34,0,13867,165,118.323784,27.038864,146
41545,8.5,1142,0,0,1142,0,0,0,1112,0,0,0,12669,36,119.478287,31.882374,40
41578,5.5,1148,0,0,0,0,0,0,1119,0,0,0,12753,36,119.913009,28.448732,0
41630,1,1149,91.65703995,0,1149,0,0,0,0,0,0,0,11901,0,110.30501,37.17646,61
41692,8.5,1148,0,0,1148,0,0,0,1118,0,0,0,13098,165,113.574943,28.709812,40
41714,5.5,1142,0,0,1142,0,0,0,1112,0,0,0,13867,36,118.784904,26.60171,0
41817,7.5,1144,98.40600649,0,1144,0,0,0,0,0,0,0,0,0,0,0,0
41944,7.5,1142,0,0,1142,0,0,0,1112,0,0,0,13867,36,119.54493,26.490908,40
42019,8,1145,0,0,1145,0,0,0,1115,0,0,0,13867,165,118.862495,26.213224,40
42060,8.5,1143,0,0,1143,0,0,0,0,1143,0,0,0,0,0,0,0
42083,7.5,1145,0,0,1145,0,0,0,1144,0,0,0,13952,165,113.256066,23.134624,264
42152,8,1146,91.17622997,145.3757876,1146,0,0,0,1146,0,0,0,11546,0,116.231,36.86162,40
42197,5.5,1145,0,0,1145,0,0,0,1137,0,0,0,0,0,0,0,0
42237,7.5,1142,0,0,1142,0,0,0,1112,0,0,0,13867,36,119.321577,26.073954,40
42315,8.5,1143,95.56713984,0,1143,0,0,0,0,0,0,0,11371,0,112.3826294,34.66527557,40
42458,3.5,1141,33.11025194,0,1141,0,0,0,1111,0,0,0,12753,165,120.6532211,28.01829147,40
42559,7.5,1142,0,0,1142,0,0,0,1142,0,0,0,0,0,0,0,61
42621,9.5,1145,0,0,1145,0,0,0,1115,0,0,0,13867,165,118.784904,26.60171,40
42658,7,1148,0,0,0,0,0,0,1119,0,0,0,0,0,0,0,0
42768,8.5,1149,0,0,1149,1090,1177,88,0,0,0,0,12907,0,116.351341,27.984781,40
42858,8.5,1147,0,0,1147,0,0,0,1117,0,0,0,13867,50,119.534469,26.198015,40
42931,9,1147,0,0,1147,0,1147,0,1100,1131,31,0,13015,101,112.978134,28.198198,40
42959,7.5,1140,0,0,1140,0,0,0,1110,0,0,0,13867,36,119.321577,26.073954,0
42974,7,1148,94.26196708,49.79019038,1148,1099,0,50,0,0,0,0,12753,165,120.653221,28.018291,40
43030,8,1148,93.8756769,0,1148,0,0,0,1118,0,0,0,12907,165,116.010101,26.466515,40
43139,8,1146,0,0,1146,0,0,0,1116,0,0,0,13867,50,119.321577,26.073954,40
43158,3,1144,94.15847507,0,1144,0,0,0,1114,1161,47,0,13867,50,118.536255,27.924686,40
43180,8.5,1148,0,0,1148,0,0,0,1118,0,0,0,13867,165,119.2296143,26.09373856,40
43184,4,1147,100.5155228,147.3337902,1147,0,1147,0,1121,0,0,0,13284,36,104.077995,30.650385,40
43351,6.5,1149,0,0,1149,0,0,0,1119,0,0,0,13284,36,104.077995,30.650385,40
43373,4.5,1142,94.69644229,47.53248105,1142,1083,1143,61,0,0,0,0,12824,165,118.5841065,30.07777214,40
43520,9,1145,0,0,1145,0,0,0,1115,0,0,0,12669,165,121.227638,31.009476,40
43620,1.5,1145,0,0,1145,0,1145,0,1126,0,0,0,0,0,0,0,2
43732,6.5,1145,97.85264135,0,1145,0,0,0,1115,0,0,0,12669,36,119.814385,31.363638,40
43815,4.5,1143,0,0,1143,0,0,0,0,1143,0,0,0,0,0,0,61
43852,6.5,1148,0,49.79019038,1148,1089,1155,67,0,0,0,0,12907,165,115.785782,28.197754,40
43858,6,1145,0,0,1145,0,0,0,1098,1115,17,0,13015,36,111.065003,25.931814,40
43876,7,1142,33.11025194,0,1142,0,0,0,1112,0,0,0,13867,165,119.381439,25.727917,40
44060,4,1146,95.05451773,0,1146,0,0,0,0,0,0,0,0,0,0,0,0
44202,8.5,1144,91.54702668,0,1144,0,1144,0,0,0,0,0,12669,0,121.227638,31.009476,40
44508,9,1142,0,0,1142,0,0,0,1112,0,0,0,13867,36,119.321577,26.073954,40
44546,9,1141,0,0,1141,0,0,0,1111,0,0,0,13700,36,109.796951,31.273739,40
44714,8,1148,92.59779491,0,1148,0,0,0,1148,0,0,0,12824,118,118.5841065,30.07777214,40
45251,2,1145,91.04042072,9.476399984,1145,0,1145,0,1129,0,0,0,11371,0,112.38263,34.665276,61
45262,9,1142,0,0,1142,0,0,0,1112,1138,26,0,13952,165,113.603417,24.810209,40
45276,8.5,1148,0,0,1148,0,0,74,1118,0,0,0,12669,165,119.569855,31.995802,40
45310,6,1149,99.61783311,96.72771491,1149,0,0,0,1119,1127,8,0,11203,165,116.088707,35.39620972,40
45404,6,1140,0,0,1140,0,0,0,0,1140,0,0,0,0,0,0,40
45693,5.5,1141,15.32843922,0,1141,0,0,0,0,1141,0,0,0,0,0,0,0
46125,8.5,1142,0,46.38177753,1142,0,0,0,0,0,0,0,13867,36,118.323784,27.038864,0
46130,9.5,1145,0,0,1145,0,0,0,0,0,0,0,12669,36,119.219635,29.369589,0
46221,5.5,1140,0,0,0,0,0,0,0,1140,0,0,0,0,0,0,0
46422,7,1148,0,0,1148,0,0,0,0,0,0,0,13867,36,118.934105,25.867622,0
46434,7.5,1148,0,0,1148,0,0,0,0,0,0,0,13867,36,119.321577,26.073954,0
46694,6,1145,0,9.270180402,1145,0,0,78,0,0,0,0,12669,36,120.733788,31.646582,0
46889,6,1145,0,0,1145,0,0,0,0,0,0,0,12669,36,119.4442902,32.20648956,0
46896,9.5,1145,53.89171784,0,1145,1094,1145,52,0,0,0,0,12753,0,120.227661,29.713137,0
46979,7.5,1148,0,0,1148,0,0,0,0,0,0,0,13867,36,119.381439,25.727917,0
47133,6,1142,33.11025194,0,1142,0,0,0,0,0,0,0,12753,36,121.542656,29.866316,0
47274,8.5,1145,0,0,1145,0,0,0,0,0,0,0,12214,36,112.100998,38.642059,0
47323,7,1145,0,0,1145,0,0,0,0,0,0,0,13700,36,106.823404,29.517663,0
47433,6,1142,0,0,1142,0,0,0,0,0,0,0,13867,36,119.2296143,26.09373856,0
47445,7,1145,0,0,1145,0,0,0,0,0,0,0,13867,36,119.990395,26.883463,0
47457,4,1140,98.9011297,49.90201683,1140,0,0,0,0,0,0,0,13867,36,118.68367,25.36455727,0
47541,7,1140,33.11025194,0,1140,1085,1140,56,0,0,0,0,12907,0,116.338944,26.328182,0
47544,8,1145,0,0,1145,0,0,0,0,0,0,0,13867,36,119.54493,26.490908,0
47560,8.5,1145,33.11025194,0,1145,0,0,0,0,0,0,0,13867,36,119.990395,26.883463,0
47650,6,1145,0,0,1145,0,0,0,0,0,0,0,13952,36,113.918579,22.545151,157
47718,4,1142,0,0,1142,0,0,0,0,0,0,0,13867,36,119.321577,26.073954,0
47770,5.5,1142,0,0,1142,0,0,0,0,0,0,0,13867,36,118.68367,25.36455727,0
47775,6.5,1145,0,0,1145,0,0,0,0,0,0,0,13867,36,119.381439,25.727917,0
47787,7.5,1142,0,0,1142,0,0,0,0,0,0,0,13867,36,119.321577,26.073954,0
47824,6,1145,0,0,1145,0,0,0,0,0,0,0,13867,36,119.321577,26.073954,0
47829,9,1142,33.11025194,0,1142,0,0,0,0,0,0,0,13867,36,118.68367,25.36455727,0
47923,1,1142,101.264075,0,1142,0,0,0,0,0,0,0,13867,0,119.011101,25.433954,0
47926,7.5,1142,0,0,1142,0,0,0,0,0,0,0,13867,36,119.381439,25.727917,0
47943,7.5,1145,0,0,1145,0,0,0,0,0,0,0,13867,36,118.536255,27.924686,0
47978,8.5,1145,0,0,1145,0,0,0,0,0,0,0,12433,36,120.854645,32.010471,0
48050,7.5,1145,0,0,1145,0,0,0,0,0,0,0,13867,36,119.321577,26.073954,0
48185,3,1142,0,0,1142,0,0,0,0,0,0,0,13867,36,119.321577,26.073954,0
48192,2.5,1145,0,0,1145,0,0,0,0,0,0,0,12907,36,116.351341,27.984781,0
48241,7.5,1142,0,49.79019038,1142,0,0,0,0,0,0,0,12753,36,120.653221,28.018291,0
48353,6,1142,33.11025194,0,1142,0,0,0,0,0,0,0,13952,36,113.402077,24.172937,0
48440,9,1148,0,0,1148,0,0,0,0,0,0,0,13867,36,119.321577,26.073954,0
48444,8.5,1142,0,0,1142,0,0,0,0,0,0,0,13867,36,119.321577,26.073954,0
48482,8.5,1145,0,0,1145,0,0,0,0,0,0,0,13867,36,119.2296143,26.09373856,0
48585,8.5,1142,0,95.53781885,1142,0,0,0,0,0,0,0,13867,36,119.011101,25.433954,0
48597,8.5,1148,0,0,1148,0,0,0,0,0,0,0,12214,36,112.100998,38.642059,0
48686,6.5,1145,0,0,1145,0,0,0,0,0,0,0,13867,36,118.536255,27.924686,0
48719,8.5,1142,0,0,1142,0,0,0,0,0,0,0,13867,36,119.321577,26.073954,0
48859,4,1140,89.80866902,0,1140,0,0,0,0,0,0,0,12669,36,119.952301,31.78278351,0
49222,5.5,1145,0,0,1145,0,0,0,0,0,0,0,12753,36,118.867645,28.956821,0
49299,8,1142,0,0,1142,0,0,0,0,0,0,0,12214,36,112.100998,38.642059,0
49816,6,1148,0,0,1148,0,0,0,0,0,0,0,13867,36,119.321577,26.073954,0
49831,9.5,1145,0,0,1145,0,0,0,0,0,0,0,13867,36,119.321577,26.073954,0
49899,9.5,1146,0,0,1146,0,0,0,0,0,0,0,12824,36,118.7425,30.946941,0
49915,5.5,1142,88.5929974,0,1142,1089,1142,54,0,0,0,0,0,0,0,0,0
49919,4,1149,0,0,1149,0,1149,0,0,0,0,0,0,0,0,0,0
50262,4,1141,0,0,1141,0,0,0,0,0,0,0,0,0,0,0,2
50607,4,1145,98.34141236,0,1145,0,0,0,0,0,0,0,0,0,0,0,0
50608,4,1145,98.34141236,0,1145,0,0,0,0,0,0,0,0,0,0,0,0
50610,4.5,1145,98.34141236,0,1145,0,0,0,0,0,0,0,0,0,0,0,2
50611,4,1145,98.34141236,0,1145,0,0,0,0,0,0,0,0,0,0,0,0
50614,6,1145,98.34141236,0,1145,0,0,0,0,0,0,0,0,0,0,0,0
51324,7,1145,0,9.270180402,1145,0,0,0,0,0,0,0,13867,36,116.3495407,25.83338165,0
51393,8.5,1145,0,0,1145,0,0,0,0,0,0,0,13867,36,119.381439,25.727917,0
51820,7.5,1142,0,0,1142,0,0,0,0,0,0,0,13867,36,119.321577,26.073954,0
52181,5.5,1142,0,0,1142,0,0,0,0,0,0,0,13867,36,118.934105,25.867622,0
52202,3,1142,0,0,1142,0,0,0,0,0,0,0,13867,36,118.934105,25.867622,0
52229,8.5,1148,33.11025194,0,1148,0,0,0,0,0,0,0,12907,14,114.971275,27.103239,180
52416,8.5,1142,0,0,1142,0,0,0,0,0,0,0,13867,36,119.321577,26.073954,0
385260,5,1140,0,0,1140,0,0,0,0,0,0,0,11026,0,114.34333,34.785477,0
386292,7.5,1148,0,0,1148,0,0,0,0,0,0,0,12753,0,120.071625,29.300087,0
386579,8.5,1146,0,0,1146,0,0,0,0,0,0,0,12753,0,120.071625,29.300087,40
